Workbook

Sheet Sheet1
A1: Season | B1: Start_Date | C1: Result | D1: Margin | E1: BR | F1: Toss | G1: Bat | H1: Opposition | I1: Ground | J1: Home/Away
A2: =YEAR(Sheet1!$B2) -> 2008 | B2: 39557 | C2: won | D2: 33 runs | F2: won | G2: 1st | H2: v Kings XI | I2: Mohali | J2: =IF(Sheet1!$I2="Chennai","Home","Away") -> Away
A3: =YEAR(Sheet1!$B3) -> 2008 | B3: 39561 | C3: won | D3: 6 runs | F3: lost | G3: 1st | H3: v MI | I3: Chennai | J3: =IF(Sheet1!$I3="Chennai","Home","Away") -> Home
A4: =YEAR(Sheet1!$B4) -> 2008 | B4: 39564 | C4: won | D4: 9 wickets | E4: 18 | F4: lost | G4: 2nd | H4: v KKR | I4: Chennai | J4: =IF(Sheet1!$I4="Chennai","Home","Away") -> Home
A5: =YEAR(Sheet1!$B5) -> 2008 | B5: 39566 | C5: won | D5: 13 runs | F5: won | G5: 1st | H5: v RCB | I5: Bengaluru | J5: =IF(Sheet1!$I5="Chennai","Home","Away") -> Away
A6: =YEAR(Sheet1!$B6) -> 2008 | B6: 39570 | C6: lost | D6: 8 wickets | E6: 6 | F6: won | G6: 1st | H6: v Daredevils | I6: Chennai | J6: =IF(Sheet1!$I6="Chennai","Home","Away") -> Home
A7: =YEAR(Sheet1!$B7) -> 2008 | B7: 39572 | C7: lost | D7: 8 wickets | E7: 34 | F7: won | G7: 1st | H7: v RR | I7: Jaipur | J7: =IF(Sheet1!$I7="Chennai","Home","Away") -> Away
A8: =YEAR(Sheet1!$B8) -> 2008 | B8: 39574 | C8: lost | D8: 7 wickets | E8: 12 | F8: lost | G8: 1st | H8: v Chargers | I8: Chennai | J8: =IF(Sheet1!$I8="Chennai","Home","Away") -> Home
A9: =YEAR(Sheet1!$B9) -> 2008 | B9: 39576 | C9: won | D9: 4 wickets | E9: 0 | F9: won | G9: 2nd | H9: v Daredevils | I9: Delhi | J9: =IF(Sheet1!$I9="Chennai","Home","Away") -> Away
A10: =YEAR(Sheet1!$B10) -> 2008 | B10: 39578 | C10: won | D10: 18 runs | F10: lost | G10: 1st | H10: v Kings XI | I10: Chennai | J10: =IF(Sheet1!$I10="Chennai","Home","Away") -> Home
A11: =YEAR(Sheet1!$B11) -> 2008 | B11: 39582 | C11: lost | D11: 9 wickets | E11: 37 | F11: lost | G11: 1st | H11: v MI | I11: Wankhede | J11: =IF(Sheet1!$I11="Chennai","Home","Away") -> Away
A12: =YEAR(Sheet1!$B12) -> 2008 | B12: 39586 | C12: won | D12: 3 runs | F12: lost | G12: 2nd | H12: v KKR | I12: Eden Gardens | J12: =IF(Sheet1!$I12="Chennai","Home","Away") -> Away
A13: =YEAR(Sheet1!$B13) -> 2008 | B13: 39589 | C13: lost | D13: 14 runs | F13: lost | G13: 2nd | H13: v RCB | I13: Chennai | J13: =IF(Sheet1!$I13="Chennai","Home","Away") -> Home
A14: =YEAR(Sheet1!$B14) -> 2008 | B14: 39592 | C14: lost | D14: 10 runs | F14: lost | G14: 2nd | H14: v RR | I14: Chennai | J14: =IF(Sheet1!$I14="Chennai","Home","Away") -> Home
A15: =YEAR(Sheet1!$B15) -> 2008 | B15: 39595 | C15: won | D15: 7 wickets | E15: 4 | F15: lost | G15: 2nd | H15: v Chargers | I15: Hyderabad | J15: =IF(Sheet1!$I15="Chennai","Home","Away") -> Away
A16: =YEAR(Sheet1!$B16) -> 2008 | B16: 39599 | C16: won | D16: 9 wickets | E16: 31 | F16: lost | G16: 2nd | H16: v Kings XI | I16: Wankhede | J16: =IF(Sheet1!$I16="Chennai","Home","Away") -> Away
A17: =YEAR(Sheet1!$B17) -> 2008 | B17: 39600 | C17: lost | D17: 3 wickets | E17: 0 | F17: lost | G17: 1st | H17: v RR | I17: DY Patil | J17: =IF(Sheet1!$I17="Chennai","Home","Away") -> Away
A18: =YEAR(Sheet1!$B18) -> 2009 | B18: 39921 | C18: lost | D18: 19 runs | F18: won | G18: 2nd | H18: v MI | I18: Cape Town | J18: =IF(Sheet1!$I18="Chennai","Home","Away") -> Away
A19: =YEAR(Sheet1!$B19) -> 2009 | B19: 39923 | C19: won | D19: 92 runs | F19: won | G19: 1st | H19: v RCB | I19: Gqeberha | J19: =IF(Sheet1!$I19="Chennai","Home","Away") -> Away
A20: =YEAR(Sheet1!$B20) -> 2009 | B20: 39926 | C20: lost | D20: 9 runs | F20: lost | G20: 2nd | H20: v Daredevils | I20: Durban | J20: =IF(Sheet1!$I20="Chennai","Home","Away") -> Away
A21: =YEAR(Sheet1!$B21) -> 2009 | B21: 39930 | C21: lost | D21: 6 wickets | E21: 3 | F21: lost | G21: 1st | H21: v Chargers | I21: Durban | J21: =IF(Sheet1!$I21="Chennai","Home","Away") -> Away
A22: =YEAR(Sheet1!$B22) -> 2009 | B22: 39933 | C22: won | D22: 38 runs | F22: lost | G22: 1st | H22: v RR | I22: Centurion | J22: =IF(Sheet1!$I22="Chennai","Home","Away") -> Away
A23: =YEAR(Sheet1!$B23) -> 2009 | B23: 39935 | C23: won | D23: 18 runs | F23: lost | G23: 1st | H23: v Daredevils | I23: Johannesburg | J23: =IF(Sheet1!$I23="Chennai","Home","Away") -> Away
A24: =YEAR(Sheet1!$B24) -> 2009 | B24: 39937 | C24: won | D24: 78 runs | F24: won | G24: 1st | H24: v Chargers | I24: East London | J24: =IF(Sheet1!$I24="Chennai","Home","Away") -> Away
A25: =YEAR(Sheet1!$B25) -> 2009 | B25: 39940 | C25: won | D25: 12 runs | F25: won | G25: 1st | H25: v Kings XI | I25: Centurion | J25: =IF(Sheet1!$I25="Chennai","Home","Away") -> Away
A26: =YEAR(Sheet1!$B26) -> 2009 | B26: 39942 | C26: won | D26: 7 wickets | E26: 10 | F26: lost | G26: 2nd | H26: v RR | I26: Kimberley | J26: =IF(Sheet1!$I26="Chennai","Home","Away") -> Away
A27: =YEAR(Sheet1!$B27) -> 2009 | B27: 39947 | C27: lost | D27: 2 wickets | E27: 2 | F27: won | G27: 1st | H27: v RCB | I27: Durban | J27: =IF(Sheet1!$I27="Chennai","Home","Away") -> Away
A28: =YEAR(Sheet1!$B28) -> 2009 | B28: 39949 | C28: won | D28: 7 wickets | E28: 5 | F28: lost | G28: 2nd | H28: v MI | I28: Gqeberha | J28: =IF(Sheet1!$I28="Chennai","Home","Away") -> Away
A29: =YEAR(Sheet1!$B29) -> 2009 | B29: 39951 | C29: lost | D29: 7 wickets | E29: 0 | F29: won | G29: 1st | H29: v KKR | I29: Centurion | J29: =IF(Sheet1!$I29="Chennai","Home","Away") -> Away
A30: =YEAR(Sheet1!$B30) -> 2009 | B30: 39953 | C30: won | D30: 24 runs | F30: won | G30: 1st | H30: v Kings XI | I30: Durban | J30: =IF(Sheet1!$I30="Chennai","Home","Away") -> Away
A31: =YEAR(Sheet1!$B31) -> 2009 | B31: 39956 | C31: lost | D31: 6 wickets | E31: 7 | F31: lost | G31: 1st | H31: v RCB | I31: Johannesburg | J31: =IF(Sheet1!$I31="Chennai","Home","Away") -> Away
A32: =YEAR(Sheet1!$B32) -> 2010 | B32: 40251 | C32: lost | D32: 31 runs | F32: lost | G32: 2nd | H32: v Chargers | I32: Chennai | J32: =IF(Sheet1!$I32="Chennai","Home","Away") -> Home
A33: =YEAR(Sheet1!$B33) -> 2010 | B33: 40253 | C33: won | D33: 55 runs | F33: won | G33: 1st | H33: v KKR | I33: Eden Gardens | J33: =IF(Sheet1!$I33="Chennai","Home","Away") -> Away
A34: =YEAR(Sheet1!$B34) -> 2010 | B34: 40256 | C34: won | D34: 5 wickets | E34: 5 | F34: lost | G34: 2nd | H34: v Daredevils | I34: Delhi | J34: =IF(Sheet1!$I34="Chennai","Home","Away") -> Away
A35: =YEAR(Sheet1!$B35) -> 2010 | B35: 40258 | C35: tied | D35: - | F35: won | G35: 2nd | H35: v Kings XI | I35: Chennai | J35: =IF(Sheet1!$I35="Chennai","Home","Away") -> Home
A36: =YEAR(Sheet1!$B36) -> 2010 | B36: 40260 | C36: lost | D36: 36 runs | F36: won | G36: 2nd | H36: v RCB | I36: Bengaluru | J36: =IF(Sheet1!$I36="Chennai","Home","Away") -> Away
A37: =YEAR(Sheet1!$B37) -> 2010 | B37: 40262 | C37: lost | D37: 5 wickets | E37: 6 | F37: lost | G37: 1st | H37: v MI | I37: Brabourne | J37: =IF(Sheet1!$I37="Chennai","Home","Away") -> Away
A38: =YEAR(Sheet1!$B38) -> 2010 | B38: 40265 | C38: lost | D38: 17 runs | F38: lost | G38: 2nd | H38: v RR | I38: Ahmedabad | J38: =IF(Sheet1!$I38="Chennai","Home","Away") -> Away
A39: =YEAR(Sheet1!$B39) -> 2010 | B39: 40268 | C39: won | D39: 5 wickets | E39: 6 | F39: lost | G39: 2nd | H39: v RCB | I39: Chennai | J39: =IF(Sheet1!$I39="Chennai","Home","Away") -> Home
A40: =YEAR(Sheet1!$B40) -> 2010 | B40: 40271 | C40: won | D40: 23 runs | F40: won | G40: 1st | H40: v RR | I40: Chennai | J40: =IF(Sheet1!$I40="Chennai","Home","Away") -> Home
A41: =YEAR(Sheet1!$B41) -> 2010 | B41: 40274 | C41: won | D41: 24 runs | F41: won | G41: 1st | H41: v MI | I41: Chennai | J41: =IF(Sheet1!$I41="Chennai","Home","Away") -> Home
A42: =YEAR(Sheet1!$B42) -> 2010 | B42: 40278 | C42: lost | D42: 6 wickets | E42: 5 | F42: won | G42: 1st | H42: v Chargers | I42: Nagpur | J42: =IF(Sheet1!$I42="Chennai","Home","Away") -> Away
A43: =YEAR(Sheet1!$B43) -> 2010 | B43: 40281 | C43: won | D43: 9 wickets | E43: 39 | F43: lost | G43: 2nd | H43: v KKR | I43: Chennai | J43: =IF(Sheet1!$I43="Chennai","Home","Away") -> Home
A44: =YEAR(Sheet1!$B44) -> 2010 | B44: 40283 | C44: lost | D44: 6 wickets | E44: 8 | F44: won | G44: 1st | H44: v Daredevils | I44: Chennai | J44: =IF(Sheet1!$I44="Chennai","Home","Away") -> Home
A45: =YEAR(Sheet1!$B45) -> 2010 | B45: 40286 | C45: won | D45: 6 wickets | E45: 2 | F45: won | G45: 2nd | H45: v Kings XI | I45: Dharamsala | J45: =IF(Sheet1!$I45="Chennai","Home","Away") -> Away
A46: =YEAR(Sheet1!$B46) -> 2010 | B46: 40290 | C46: won | D46: 38 runs | F46: won | G46: 1st | H46: v Chargers | I46: DY Patil | J46: =IF(Sheet1!$I46="Chennai","Home","Away") -> Away
A47: =YEAR(Sheet1!$B47) -> 2010 | B47: 40293 | C47: won | D47: 22 runs | F47: won | G47: 1st | H47: v MI | I47: DY Patil | J47: =IF(Sheet1!$I47="Chennai","Home","Away") -> Away
A48: =YEAR(Sheet1!$B48) -> 2010 | B48: 40432 | C48: won | D48: 57 runs | F48: won | G48: 1st | H48: v Central D | I48: Durban | J48: =IF(Sheet1!$I48="Chennai","Home","Away") -> Away
A49: =YEAR(Sheet1!$B49) -> 2010 | B49: 40436 | C49: won | D49: 97 runs | F49: lost | G49: 1st | H49: v Wayamba | I49: Centurion | J49: =IF(Sheet1!$I49="Chennai","Home","Away") -> Away
A50: =YEAR(Sheet1!$B50) -> 2010 | B50: 40439 | C50: tied | D50: - | F50: won | G50: 1st | H50: v Victoria | I50: Gqeberha | J50: =IF(Sheet1!$I50="Chennai","Home","Away") -> Away
A51: =YEAR(Sheet1!$B51) -> 2010 | B51: 40443 | C51: won | D51: 10 runs | F51: won | G51: 1st | H51: v Warriors | I51: Gqeberha | J51: =IF(Sheet1!$I51="Chennai","Home","Away") -> Away
A52: =YEAR(Sheet1!$B52) -> 2010 | B52: 40445 | C52: won | D52: 52 runs | F52: won | G52: 1st | H52: v RCB | I52: Durban | J52: =IF(Sheet1!$I52="Chennai","Home","Away") -> Away
A53: =YEAR(Sheet1!$B53) -> 2010 | B53: 40447 | C53: won | D53: 8 wickets | E53: 6 | F53: lost | G53: 2nd | H53: v Warriors | I53: Johannesburg | J53: =IF(Sheet1!$I53="Chennai","Home","Away") -> Away
A54: =YEAR(Sheet1!$B54) -> 2011 | B54: 40641 | C54: won | D54: 2 runs | F54: won | G54: 1st | H54: v KKR | I54: Chennai | J54: =IF(Sheet1!$I54="Chennai","Home","Away") -> Home
A55: =YEAR(Sheet1!$B55) -> 2011 | B55: 40646 | C55: lost | D55: 6 wickets | E55: 5 | F55: lost | G55: 1st | H55: v Kings XI | I55: Mohali | J55: =IF(Sheet1!$I55="Chennai","Home","Away") -> Away
A56: =YEAR(Sheet1!$B56) -> 2011 | B56: 40649 | C56: won | D56: 21 runs | F56: won | G56: 1st | H56: v RCB | I56: Chennai | J56: =IF(Sheet1!$I56="Chennai","Home","Away") -> Home
A57: =YEAR(Sheet1!$B57) -> 2011 | B57: 40651 | C57: lost | D57: 7 wickets | E57: 12 | F57: lost | G57: 1st | H57: v Kochi | I57: Kochi | J57: =IF(Sheet1!$I57="Chennai","Home","Away") -> Away
A58: =YEAR(Sheet1!$B58) -> 2011 | B58: 40655 | C58: lost | D58: 8 runs | F58: won | G58: 2nd | H58: v MI | I58: Wankhede | J58: =IF(Sheet1!$I58="Chennai","Home","Away") -> Away
A59: =YEAR(Sheet1!$B59) -> 2011 | B59: 40658 | C59: won | D59: 25 runs | F59: lost | G59: 1st | H59: v Warriors | I59: Chennai | J59: =IF(Sheet1!$I59="Chennai","Home","Away") -> Home
A60: =YEAR(Sheet1!$B60) -> 2011 | B60: 40660 | C60: won | D60: 8 wickets | E60: 3 | F60: lost | G60: 2nd | H60: v Warriors | I60: DY Patil | J60: =IF(Sheet1!$I60="Chennai","Home","Away") -> Away
A61: =YEAR(Sheet1!$B61) -> 2011 | B61: 40664 | C61: won | D61: 19 runs | F61: won | G61: 1st | H61: v Chargers | I61: Chennai | J61: =IF(Sheet1!$I61="Chennai","Home","Away") -> Home
A62: =YEAR(Sheet1!$B62) -> 2011 | B62: 40667 | C62: won | D62: 8 wickets | E62: 8 | F62: lost | G62: 2nd | H62: v RR | I62: Chennai | J62: =IF(Sheet1!$I62="Chennai","Home","Away") -> Home
A63: =YEAR(Sheet1!$B63) -> 2011 | B63: 40670 | C63: lost | D63: 10 runs | F63: won | G63: 1st | H63: v KKR | I63: Eden Gardens | J63: =IF(Sheet1!$I63="Chennai","Home","Away") -> Away
A64: =YEAR(Sheet1!$B64) -> 2011 | B64: 40672 | C64: won | D64: 63 runs | F64: lost | G64: 1st | H64: v RR | I64: Jaipur | J64: =IF(Sheet1!$I64="Chennai","Home","Away") -> Away
A65: =YEAR(Sheet1!$B65) -> 2011 | B65: 40675 | C65: won | D65: 18 runs | F65: won | G65: 1st | H65: v Daredevils | I65: Chennai | J65: =IF(Sheet1!$I65="Chennai","Home","Away") -> Home
A66: =YEAR(Sheet1!$B66) -> 2011 | B66: 40681 | C66: won | D66: 11 runs | F66: won | G66: 1st | H66: v Kochi | I66: Chennai | J66: =IF(Sheet1!$I66="Chennai","Home","Away") -> Home
A67: =YEAR(Sheet1!$B67) -> 2011 | B67: 40685 | C67: lost | D67: 8 wickets | E67: 12 | F67: lost | G67: 1st | H67: v RCB | I67: Bengaluru | J67: =IF(Sheet1!$I67="Chennai","Home","Away") -> Away
A68: =YEAR(Sheet1!$B68) -> 2011 | B68: 40687 | C68: won | D68: 6 wickets | E68: 2 | F68: won | G68: 2nd | H68: v RCB | I68: Wankhede | J68: =IF(Sheet1!$I68="Chennai","Home","Away") -> Away
A69: =YEAR(Sheet1!$B69) -> 2011 | B69: 40691 | C69: won | D69: 58 runs | F69: won | G69: 1st | H69: v RCB | I69: Chennai | J69: =IF(Sheet1!$I69="Chennai","Home","Away") -> Home
A70: =YEAR(Sheet1!$B70) -> 2011 | B70: 40810 | C70: lost | D70: 3 wickets | E70: 1 | F70: won | G70: 1st | H70: v MI | I70: Chennai | J70: =IF(Sheet1!$I70="Chennai","Home","Away") -> Home
A71: =YEAR(Sheet1!$B71) -> 2011 | B71: 40814 | C71: won | D71: 4 wickets | E71: 2 | F71: lost | G71: 2nd | H71: v Cape Cobras | I71: Chennai | J71: =IF(Sheet1!$I71="Chennai","Home","Away") -> Home
A72: =YEAR(Sheet1!$B72) -> 2011 | B72: 40818 | C72: lost | D72: 12 runs | F72: lost | G72: 2nd | H72: v Trinidad & T | I72: Chennai | J72: =IF(Sheet1!$I72="Chennai","Home","Away") -> Home
A73: =YEAR(Sheet1!$B73) -> 2011 | B73: 40820 | C73: lost | D73: 46 runs | F73: lost | G73: 2nd | H73: v NSW | I73: Chennai | J73: =IF(Sheet1!$I73="Chennai","Home","Away") -> Home
A74: =YEAR(Sheet1!$B74) -> 2012 | B74: 41003 | C74: lost | D74: 8 wickets | E74: 19 | F74: lost | G74: 1st | H74: v MI | I74: Chennai | J74: =IF(Sheet1!$I74="Chennai","Home","Away") -> Home
A75: =YEAR(Sheet1!$B75) -> 2012 | B75: 41006 | C75: won | D75: 74 runs | F75: lost | G75: 1st | H75: v Chargers | I75: Visakhapatnam | J75: =IF(Sheet1!$I75="Chennai","Home","Away") -> Away
A76: =YEAR(Sheet1!$B76) -> 2012 | B76: 41009 | C76: lost | D76: 8 wickets | E76: 40 | F76: lost | G76: 1st | H76: v Daredevils | I76: Delhi | J76: =IF(Sheet1!$I76="Chennai","Home","Away") -> Away
A77: =YEAR(Sheet1!$B77) -> 2012 | B77: 41011 | C77: won | D77: 5 wickets | E77: 0 | F77: lost | G77: 2nd | H77: v RCB | I77: Chennai | J77: =IF(Sheet1!$I77="Chennai","Home","Away") -> Home
A78: =YEAR(Sheet1!$B78) -> 2012 | B78: 41013 | C78: lost | D78: 7 wickets | E78: 4 | F78: won | G78: 1st | H78: v Warriors | I78: Pune | J78: =IF(Sheet1!$I78="Chennai","Home","Away") -> Away
A79: =YEAR(Sheet1!$B79) -> 2012 | B79: 41018 | C79: won | D79: 13 runs | F79: lost | G79: 1st | H79: v Warriors | I79: Chennai | J79: =IF(Sheet1!$I79="Chennai","Home","Away") -> Home
A80: =YEAR(Sheet1!$B80) -> 2012 | B80: 41020 | C80: won | D80: 7 wickets | E80: 0 | F80: lost | G80: 2nd | H80: v RR | I80: Chennai | J80: =IF(Sheet1!$I80="Chennai","Home","Away") -> Home
A81: =YEAR(Sheet1!$B81) -> 2012 | B81: 41024 | C81: n/r | D81: - | F81: lost | G81: - | H81: v RCB | I81: Bengaluru | J81: =IF(Sheet1!$I81="Chennai","Home","Away") -> Away
A82: =YEAR(Sheet1!$B82) -> 2012 | B82: 41027 | C82: lost | D82: 7 runs | F82: lost | G82: 2nd | H82: v Kings XI | I82: Chennai | J82: =IF(Sheet1!$I82="Chennai","Home","Away") -> Home
A83: =YEAR(Sheet1!$B83) -> 2012 | B83: 41029 | C83: lost | D83: 5 wickets | E83: 2 | F83: won | G83: 1st | H83: v KKR | I83: Chennai | J83: =IF(Sheet1!$I83="Chennai","Home","Away") -> Home
A84: =YEAR(Sheet1!$B84) -> 2012 | B84: 41033 | C84: won | D84: 10 runs | F84: won | G84: 1st | H84: v Chargers | I84: Chennai | J84: =IF(Sheet1!$I84="Chennai","Home","Away") -> Home
A85: =YEAR(Sheet1!$B85) -> 2012 | B85: 41035 | C85: lost | D85: 2 wickets | E85: 0 | F85: lost | G85: 1st | H85: v MI | I85: Wankhede | J85: =IF(Sheet1!$I85="Chennai","Home","Away") -> Away
A86: =YEAR(Sheet1!$B86) -> 2012 | B86: 41039 | C86: won | D86: 4 wickets | E86: 11 | F86: won | G86: 2nd | H86: v RR | I86: Jaipur | J86: =IF(Sheet1!$I86="Chennai","Home","Away") -> Away
A87: =YEAR(Sheet1!$B87) -> 2012 | B87: 41041 | C87: won | D87: 9 wickets | E87: 28 | F87: won | G87: 2nd | H87: v Daredevils | I87: Chennai | J87: =IF(Sheet1!$I87="Chennai","Home","Away") -> Home
A88: =YEAR(Sheet1!$B88) -> 2012 | B88: 41043 | C88: won | D88: 5 wickets | E88: 0 | F88: won | G88: 2nd | H88: v KKR | I88: Eden Gardens | J88: =IF(Sheet1!$I88="Chennai","Home","Away") -> Away
A89: =YEAR(Sheet1!$B89) -> 2012 | B89: 41046 | C89: lost | D89: 6 wickets | E89: 21 | F89: lost | G89: 1st | H89: v Kings XI | I89: Dharamsala | J89: =IF(Sheet1!$I89="Chennai","Home","Away") -> Away
A90: =YEAR(Sheet1!$B90) -> 2012 | B90: 41052 | C90: won | D90: 38 runs | F90: lost | G90: 1st | H90: v MI | I90: Bengaluru | J90: =IF(Sheet1!$I90="Chennai","Home","Away") -> Away
A91: =YEAR(Sheet1!$B91) -> 2012 | B91: 41054 | C91: won | D91: 86 runs | F91: lost | G91: 1st | H91: v Daredevils | I91: Chennai | J91: =IF(Sheet1!$I91="Chennai","Home","Away") -> Home
A92: =YEAR(Sheet1!$B92) -> 2012 | B92: 41056 | C92: lost | D92: 5 wickets | E92: 2 | F92: won | G92: 1st | H92: v KKR | I92: Chennai | J92: =IF(Sheet1!$I92="Chennai","Home","Away") -> Home
A93: =YEAR(Sheet1!$B93) -> 2012 | B93: 41196 | C93: lost | D93: 14 runs | F93: won | G93: 2nd | H93: v Sixers | I93: Johannesburg | J93: =IF(Sheet1!$I93="Chennai","Home","Away") -> Away
A94: =YEAR(Sheet1!$B94) -> 2012 | B94: 41198 | C94: lost | D94: 6 wickets | E94: 3 | F94: lost | G94: 1st | H94: v Lions | I94: Cape Town | J94: =IF(Sheet1!$I94="Chennai","Home","Away") -> Away
A95: =YEAR(Sheet1!$B95) -> 2012 | B95: 41202 | C95: won | D95: 6 runs | F95: lost | G95: 1st | H95: v MI | I95: Johannesburg | J95: =IF(Sheet1!$I95="Chennai","Home","Away") -> Away
A96: =YEAR(Sheet1!$B96) -> 2012 | B96: 41204 | C96: won | D96: 4 wickets | E96: 6 | F96: won | G96: 2nd | H96: v Yorkshire | I96: Durban | J96: =IF(Sheet1!$I96="Chennai","Home","Away") -> Away
A97: =YEAR(Sheet1!$B97) -> 2013 | B97: 41370 | C97: lost | D97: 9 runs | F97: lost | G97: 2nd | H97: v MI | I97: Chennai | J97: =IF(Sheet1!$I97="Chennai","Home","Away") -> Home
A98: =YEAR(Sheet1!$B98) -> 2013 | B98: 41374 | C98: won | D98: 10 wickets | E98: 16 | F98: won | G98: 2nd | H98: v Kings XI | I98: Mohali | J98: =IF(Sheet1!$I98="Chennai","Home","Away") -> Away
A99: =YEAR(Sheet1!$B99) -> 2013 | B99: 41377 | C99: won | D99: 4 wickets | E99: 1 | F99: won | G99: 2nd | H99: v RCB | I99: Chennai | J99: =IF(Sheet1!$I99="Chennai","Home","Away") -> Home
A100: =YEAR(Sheet1!$B100) -> 2013 | B100: 41379 | C100: lost | D100: 24 runs | F100: lost | G100: 2nd | H100: v Warriors | I100: Chennai | J100: =IF(Sheet1!$I100="Chennai","Home","Away") -> Home
...
